step_time,reward,total_stopped,total_wait_time
5.0,,0,0.0
10.0,0.0,0,0.0
15.0,0.0,6,9.0
20.0,-0.09,8,46.0
25.0,-0.37,9,88.0
30.0,-0.42,10,136.0
35.0,-0.4800000000000001,8,142.0
40.0,-0.2699999999999998,10,189.0
45.0,-0.6600000000000001,10,239.0
50.0,-0.6600000000000001,5,164.0
55.0,0.5900000000000001,10,202.0
60.0,-0.6799999999999999,12,262.0
65.0,-0.6799999999999999,7,120.0
70.0,1.18,10,157.0
75.0,-0.5700000000000001,10,148.0
80.0,0.42999999999999994,6,140.0
85.0,0.42999999999999994,6,160.0
90.0,-0.3799999999999999,16,234.0
95.0,-0.78,16,314.0
100.0,-0.7999999999999998,18,400.0
105.0,-0.8799999999999999,14,413.0
110.0,0.17999999999999972,12,424.0
115.0,0.17999999999999972,14,477.0
120.0,-0.7699999999999996,10,420.0
125.0,1.5699999999999994,8,284.0
130.0,0.5100000000000002,7,276.0
135.0,0.5100000000000002,12,328.0
140.0,-0.73,12,306.0
145.0,1.0,9,260.0
150.0,1.0,8,224.0
155.0,0.17999999999999972,8,252.0
160.0,-0.5,15,269.0
165.0,0.07000000000000028,10,277.0
170.0,0.07000000000000028,7,235.0
175.0,0.25,10,262.0
180.0,-0.30000000000000027,8,293.0
185.0,-0.45999999999999996,10,338.0
190.0,-0.45999999999999996,7,292.0
195.0,0.26000000000000023,7,309.0
200.0,-0.33000000000000007,9,333.0
205.0,-0.3900000000000001,8,372.0
210.0,-0.3900000000000001,6,359.0
215.0,-0.009999999999999787,6,382.0
220.0,-0.3500000000000001,7,413.0
225.0,-0.3500000000000001,4,39.0
230.0,3.61,6,61.0
235.0,-0.21999999999999997,6,58.0
240.0,0.18,6,61.0
245.0,-0.5900000000000001,12,114.0
250.0,-0.5900000000000001,8,129.0
255.0,-0.3500000000000001,12,175.0
260.0,-0.7399999999999998,13,236.0
265.0,-0.7399999999999998,8,183.0
270.0,0.2799999999999998,12,218.0
275.0,-0.3500000000000001,7,188.0
280.0,0.9900000000000002,8,91.0
285.0,0.41999999999999993,6,83.0
290.0,0.41999999999999993,6,64.0
295.0,0.18000000000000005,6,62.0
300.0,-0.14,7,86.0
305.0,-0.14,8,55.0
310.0,0.17999999999999994,8,79.0
315.0,-0.42999999999999994,14,137.0
320.0,-0.6699999999999999,12,171.0
325.0,-0.3700000000000001,12,214.0
330.0,-0.6000000000000001,12,274.0
335.0,-0.6000000000000001,10,209.0
340.0,0.43000000000000016,14,266.0
345.0,-0.9700000000000002,18,352.0
350.0,-0.9700000000000002,16,405.0
355.0,-0.8899999999999997,14,455.0
360.0,-0.6900000000000004,15,517.0
365.0,-0.7400000000000002,16,596.0
370.0,-1.1599999999999993,18,682.0
375.0,-0.9500000000000002,23,782.0
380.0,-1.2200000000000006,26,907.0
385.0,-1.2200000000000006,23,1001.0
390.0,-1.4299999999999997,25,1123.0
395.0,-1.2599999999999998,23,1204.0
400.0,-0.9199999999999999,23,1287.0
405.0,-0.9199999999999999,27,1415.0
410.0,-1.7300000000000004,30,1555.0
415.0,-1.4000000000000004,31,1710.0
420.0,-1.5500000000000007,33,1868.0
425.0,-1.5799999999999983,35,2043.0
430.0,-1.75,36,2220.0
435.0,-1.7699999999999996,39,2411.0
440.0,-1.9100000000000001,41,2610.0
445.0,-1.990000000000002,43,2819.0
450.0,-2.09,41,2932.0
455.0,-1.0700000000000003,36,3034.0
460.0,-2.599999999999998,42,3228.0
465.0,-2.259999999999998,47,3459.0
470.0,-2.460000000000001,51,3709.0
475.0,-2.5500000000000043,51,3964.0
480.0,-2.5799999999999983,53,4224.0
485.0,-2.6499999999999986,53,4489.0
490.0,-2.6499999999999986,45,4498.0
495.0,-1.0499999999999972,38,4312.0
500.0,4.93,34,3751.0
505.0,5.469999999999999,31,3397.0
510.0,5.469999999999999,16,3313.0
515.0,1.8799999999999955,14,3242.0
520.0,0.37000000000000455,25,3265.0
525.0,-0.30000000000000426,27,3333.0
530.0,-0.30000000000000426,32,3457.0
535.0,-1.8499999999999943,40,3646.0
540.0,-1.9500000000000028,43,3849.0
545.0,-2.0700000000000003,44,4069.0
550.0,-2.200000000000003,44,4289.0
555.0,-2.210000000000001,48,4525.0
560.0,-2.3899999999999935,46,4658.0
565.0,-1.2700000000000031,38,4777.0
570.0,-1.2700000000000031,32,4083.0
575.0,6.170000000000002,26,4147.0
580.0,-0.44000000000000483,18,3773.0
585.0,6.8600000000000065,11,3452.0
590.0,6.8600000000000065,9,3396.0
595.0,0.5399999999999991,18,3407.0
600.0,-0.3500000000000014,21,3096.0
605.0,6.459999999999997,20,2459.0
610.0,6.020000000000003,17,2044.0
615.0,6.020000000000003,13,2070.0
620.0,1.0399999999999991,16,2140.0
625.0,-0.6999999999999993,19,1906.0
630.0,5.0,18,1693.0
635.0,-1.3000000000000007,19,1789.0
640.0,-1.3000000000000007,15,1305.0
645.0,4.51,9,1255.0
650.0,1.4499999999999993,11,1153.0
655.0,0.16999999999999993,19,1194.0
660.0,-1.0199999999999996,27,1311.0
665.0,-1.4299999999999997,34,1470.0
670.0,-1.4299999999999997,26,1057.0
675.0,3.4499999999999993,19,840.0
680.0,2.17,9,843.0
685.0,0.2400000000000002,12,663.0
690.0,1.4100000000000001,21,696.0
695.0,-1.17,26,818.0
700.0,-1.17,32,970.0
705.0,-2.0999999999999996,32,1130.0
710.0,-1.5999999999999996,36,1300.0
715.0,-1.7400000000000002,36,1480.0
720.0,-1.8100000000000005,39,1670.0
725.0,-1.9300000000000015,40,1870.0
730.0,-2.009999999999998,42,2078.0
735.0,-2.1000000000000014,45,2296.0
740.0,-2.1999999999999993,44,2395.0
745.0,-0.6400000000000006,36,2479.0
750.0,-0.6400000000000006,31,2153.0
755.0,2.5199999999999996,30,1919.0
760.0,2.34,21,1845.0
765.0,1.4000000000000021,12,1718.0
770.0,0.8000000000000007,16,1657.0
775.0,-0.43000000000000327,28,1770.0
780.0,-1.5899999999999999,37,1938.0
785.0,-2.0,42,2143.0
790.0,-2.1199999999999974,44,2357.0
795.0,-2.25,46,2584.0
800.0,-2.34,48,2820.0
805.0,-2.4200000000000017,50,3064.0
810.0,-2.6700000000000017,56,3337.0
815.0,-2.799999999999997,57,3618.0
820.0,-2.9100000000000037,59,3911.0
825.0,-2.9100000000000037,52,3969.0
830.0,-1.6799999999999997,46,4039.0
835.0,-0.6499999999999986,44,3950.0
840.0,3.1700000000000017,41,3547.0
845.0,4.030000000000001,38,3441.0
850.0,4.030000000000001,23,3446.0
855.0,-0.8100000000000023,22,3501.0
860.0,-0.5499999999999972,29,3624.0
865.0,-1.230000000000004,31,3452.0
870.0,4.170000000000002,29,3094.0
875.0,2.210000000000001,18,3004.0
880.0,2.210000000000001,14,2481.0
885.0,4.91,14,2518.0
890.0,-0.5800000000000018,21,2594.0
895.0,-0.5800000000000018,19,2145.0
900.0,4.080000000000002,13,2048.0
905.0,2.4299999999999997,13,1682.0
910.0,3.9499999999999993,15,1522.0
915.0,3.9499999999999993,15,1366.0
920.0,1.2599999999999998,18,1356.0
925.0,0.07000000000000028,20,1215.0
930.0,3.0700000000000003,19,1105.0
935.0,3.0700000000000003,14,1044.0
940.0,0.23000000000000043,15,1060.0
945.0,-0.16000000000000014,15,940.0
950.0,2.83,13,812.0
955.0,-1.0500000000000007,21,903.0
960.0,-1.0500000000000007,16,639.0
965.0,2.2800000000000002,13,514.0
970.0,1.2700000000000005,12,549.0
975.0,-0.6200000000000001,16,620.0
980.0,-0.6200000000000001,11,607.0
985.0,-0.1800000000000006,6,534.0
990.0,1.2000000000000002,13,305.0
995.0,1.9900000000000002,23,311.0
1000.0,1.9900000000000002,23,341.0
1005.0,-0.7600000000000002,23,448.0
1010.0,-1.0699999999999998,23,526.0
1015.0,-0.9500000000000002,21,608.0
1020.0,-0.9500000000000002,16,511.0
1025.0,0.5499999999999998,13,561.0
1030.0,-0.71,12,523.0
1035.0,1.0200000000000005,12,492.0
1040.0,1.0200000000000005,10,534.0
1045.0,-0.6500000000000004,12,506.0
1050.0,0.8799999999999999,10,478.0
1055.0,0.8799999999999999,9,406.0
1060.0,0.5100000000000007,17,451.0
1065.0,-0.8400000000000007,22,460.0
1070.0,0.5100000000000007,16,455.0
1075.0,0.5100000000000007,7,453.0
1080.0,-0.22000000000000064,12,488.0
1085.0,-0.7299999999999995,18,570.0
1090.0,-0.7299999999999995,19,539.0
1095.0,-0.04999999999999982,24,648.0
1100.0,-1.0900000000000007,28,782.0
1105.0,-1.3399999999999999,26,899.0
1110.0,-1.5399999999999991,27,993.0
1115.0,-1.4700000000000006,25,1108.0
1120.0,-1.4700000000000006,21,959.0
1125.0,1.790000000000001,11,948.0
1130.0,-0.75,9,998.0
1135.0,-0.5300000000000011,18,1067.0
1140.0,-0.5300000000000011,13,841.0
1145.0,1.9100000000000001,16,908.0
1150.0,-0.9499999999999993,10,829.0
1155.0,2.05,6,737.0
1160.0,2.05,6,662.0
1165.0,0.6299999999999999,8,569.0
1170.0,1.9899999999999993,13,493.0
1175.0,1.9899999999999993,11,501.0
1180.0,-0.3199999999999994,14,441.0
1185.0,1.38,7,356.0
1190.0,-0.3200000000000003,14,409.0
1195.0,-0.7999999999999998,19,494.0
1200.0,-1.1100000000000003,26,612.0
1205.0,-1.5099999999999998,36,773.0
1210.0,-1.8299999999999992,37,957.0
1215.0,-1.9400000000000013,41,1155.0
1220.0,-2.049999999999999,41,1360.0
1225.0,-2.1500000000000004,45,1579.0
1230.0,-2.25,45,1804.0
1235.0,-2.280000000000001,48,2035.0
1240.0,-2.5299999999999976,53,2293.0
1245.0,-2.5299999999999976,47,2314.0
1250.0,-1.2000000000000028,47,2539.0
1255.0,-3.2799999999999976,54,2794.0
1260.0,-2.6999999999999993,58,3072.0
1265.0,-2.6999999999999993,49,3142.0
1270.0,-1.8400000000000034,49,3275.0
1275.0,-1.3299999999999983,48,3294.0
1280.0,0.9499999999999993,41,3033.0
1285.0,2.5199999999999996,38,2852.0
1290.0,3.650000000000002,36,2599.0
1295.0,2.2300000000000004,26,2276.0
1300.0,2.2300000000000004,14,2277.0
1305.0,0.46999999999999886,17,2174.0
1310.0,2.4400000000000013,23,2093.0
1315.0,2.4400000000000013,21,1796.0
1320.0,2.5299999999999976,17,1687.0
1325.0,2.5900000000000016,17,1522.0
1330.0,-0.16999999999999993,19,1573.0
1335.0,-0.16999999999999993,21,1307.0
1340.0,2.26,18,1364.0
1345.0,-0.6400000000000006,21,1432.0
1350.0,-0.6400000000000006,25,1246.0
1355.0,1.459999999999999,21,1339.0
1360.0,-1.2899999999999991,25,1228.0
1365.0,2.66,24,1133.0
1370.0,2.66,19,976.0
1375.0,1.129999999999999,15,1040.0
1380.0,-0.879999999999999,22,1127.0
1385.0,-1.2699999999999996,33,1277.0
1390.0,-1.75,40,1466.0
1395.0,-2.0,40,1666.0
1400.0,-2.0199999999999996,42,1872.0
1405.0,-2.0199999999999996,38,1849.0
1410.0,-0.6099999999999994,41,2048.0
1415.0,-1.990000000000002,44,2261.0
1420.0,-2.129999999999999,50,2501.0
1425.0,-2.400000000000002,50,2751.0
1430.0,-2.5,47,2725.0
1435.0,1.9600000000000009,38,2466.0
1440.0,2.2300000000000004,37,2135.0
1445.0,2.3099999999999987,36,1972.0
1450.0,2.1300000000000026,32,1920.0
1455.0,2.1300000000000026,34,2081.0
1460.0,-2.2600000000000016,34,2251.0
1465.0,-1.7100000000000009,39,2429.0
1470.0,-1.8399999999999999,45,2643.0
1475.0,-2.1999999999999993,53,2887.0
1480.0,-2.5199999999999996,58,3170.0
1485.0,-2.870000000000001,58,3460.0
1490.0,-2.8999999999999986,64,3767.0
1495.0,-3.1499999999999986,66,4097.0
1500.0,-3.3200000000000003,70,4442.0
1505.0,-3.469999999999999,70,4792.0
1510.0,-3.5,72,5145.0
1515.0,-3.5500000000000043,72,5505.0
1520.0,-3.6000000000000014,72,5865.0
1525.0,-3.6299999999999955,78,6247.0
1530.0,-3.8500000000000014,78,6637.0
1535.0,-3.9000000000000057,80,7034.0
1540.0,-3.989999999999995,80,7434.0
1545.0,-4.0,82,7838.0
1550.0,-4.060000000000002,82,8248.0
1555.0,-4.099999999999994,83,8659.0
1560.0,-4.13000000000001,83,8781.0
1565.0,0.04000000000000625,74,8628.0
1570.0,1.3599999999999994,68,8518.0
1575.0,1.8200000000000074,60,8452.0
1580.0,1.8200000000000074,54,8069.0
1585.0,3.519999999999996,47,7893.0
1590.0,5.009999999999991,45,7399.0
1595.0,2.5600000000000023,41,7353.0
1600.0,2.5600000000000023,33,7257.0
1605.0,1.0900000000000034,29,6885.0
1610.0,6.549999999999997,35,6616.0
1615.0,6.549999999999997,38,6304.0
1620.0,2.440000000000005,34,6124.0
1625.0,1.7999999999999972,34,5781.0
1630.0,7.130000000000003,36,5320.0
1635.0,1.259999999999998,37,5322.0
1640.0,1.259999999999998,26,5040.0
1645.0,6.469999999999999,22,4580.0
1650.0,0.9299999999999997,25,4595.0
1655.0,0.9299999999999997,31,4415.0
1660.0,1.3000000000000043,35,4347.0
1665.0,0.6799999999999997,33,4028.0
1670.0,6.699999999999996,36,3641.0
1675.0,-1.1599999999999966,40,3833.0
1680.0,-2.1099999999999994,41,4045.0
1685.0,-2.219999999999999,49,4275.0
1690.0,-2.5900000000000034,56,4541.0
1695.0,-3.009999999999998,65,4851.0
1700.0,-3.289999999999999,66,5181.0
1705.0,-3.4200000000000017,74,5531.0
1710.0,-3.700000000000003,74,5901.0
1715.0,-3.8200000000000003,78,6287.0
1720.0,-3.8999999999999915,78,6677.0
1725.0,-3.9200000000000017,80,7071.0
1730.0,-3.9200000000000017,72,6704.0
1735.0,4.569999999999993,58,6562.0
1740.0,0.18000000000000682,50,6619.0
1745.0,0.18000000000000682,39,5923.0
1750.0,5.93,31,5878.0
1755.0,1.7199999999999989,33,5413.0
1760.0,6.259999999999998,32,5157.0
1765.0,6.259999999999998,38,5291.0
1770.0,-2.0600000000000023,50,5516.0
1775.0,-2.3699999999999974,65,5807.0
1780.0,-3.0700000000000003,73,6162.0
1785.0,-3.6199999999999974,82,6554.0
1790.0,-4.000000000000007,84,6973.0
1795.0,-4.199999999999989,84,7393.0
1800.0,-4.240000000000009,88,7833.0
1805.0,-4.3999999999999915,88,8273.0
1810.0,-4.420000000000002,96,8738.0
1815.0,-4.710000000000008,97,9220.0
1820.0,-4.840000000000003,100,9715.0
1825.0,-4.969999999999999,96,9786.0
1830.0,1.460000000000008,87,9845.0
1835.0,1.460000000000008,74,9615.0
1840.0,0.539999999999992,66,9390.0
1845.0,2.25,60,9165.0
1850.0,4.980000000000004,53,8695.0
1855.0,4.230000000000004,56,8066.0
1860.0,5.25,57,7913.0
1865.0,0.7999999999999972,63,7623.0
1870.0,2.5400000000000063,61,7671.0
1875.0,2.5400000000000063,58,7969.0
1880.0,-4.190000000000012,56,7624.0
1885.0,8.620000000000005,51,6676.0
1890.0,7.040000000000006,54,6215.0
1895.0,7.939999999999998,51,5772.0
1900.0,7.939999999999998,39,5432.0
1905.0,2.3699999999999974,34,5266.0
1910.0,4.469999999999999,28,4824.0
1915.0,2.8299999999999983,23,4725.0
1920.0,2.8299999999999983,24,4165.0
1925.0,5.1200000000000045,27,4069.0
1930.0,2.6400000000000006,29,3984.0
1935.0,2.6400000000000006,28,3479.0
1940.0,4.469999999999999,31,3520.0
1945.0,-1.1000000000000014,40,3478.0
1950.0,1.4299999999999997,43,3489.0
1955.0,0.9600000000000009,50,3341.0
1960.0,0.29999999999999716,45,3326.0
1965.0,0.29999999999999716,42,2993.0
1970.0,2.8700000000000045,38,2776.0
1975.0,2.1899999999999977,40,2808.0
1980.0,-0.4299999999999997,38,2876.0
1985.0,-0.9100000000000001,42,3030.0
1990.0,-0.9100000000000001,39,2881.0
1995.0,0.6700000000000017,43,2861.0
2000.0,0.1999999999999993,41,3002.0
2005.0,-1.7300000000000004,37,2785.0
2010.0,4.629999999999999,35,2606.0
2015.0,5.170000000000002,32,1769.0
2020.0,5.170000000000002,21,1775.0
2025.0,2.599999999999998,14,1552.0
2030.0,3.330000000000002,21,1367.0
2035.0,2.1499999999999986,26,1296.0
2040.0,2.1499999999999986,21,1279.0
2045.0,-0.3299999999999983,23,1257.0
2050.0,0.9499999999999993,24,1101.0
2055.0,1.2400000000000002,22,1082.0
2060.0,1.2400000000000002,22,1020.0
2065.0,0.6099999999999994,26,986.0
2070.0,0.13000000000000078,24,956.0
2075.0,0.47999999999999865,23,983.0
2080.0,0.47999999999999865,24,1054.0
2085.0,-1.1599999999999984,25,1058.0
2090.0,0.629999999999999,21,918.0
2095.0,1.0700000000000003,21,811.0
2100.0,0.6899999999999995,21,836.0
2105.0,0.6899999999999995,26,524.0
2110.0,2.6400000000000006,32,662.0
2115.0,-1.4300000000000006,34,826.0
2120.0,-1.6599999999999993,35,999.0
2125.0,-1.75,38,1182.0
2130.0,-1.8499999999999996,40,1377.0
2135.0,-1.9700000000000006,37,1443.0
2140.0,-0.21000000000000085,32,1416.0
2145.0,-0.019999999999999574,34,1482.0
2150.0,-0.019999999999999574,30,1389.0
2155.0,0.5099999999999998,32,1424.0
2160.0,-0.34999999999999964,29,1423.0
2165.0,0.9800000000000004,21,1316.0
2170.0,0.009999999999999787,15,1340.0
2175.0,0.009999999999999787,15,1091.0
2180.0,2.1500000000000004,20,883.0
2185.0,2.08,16,835.0
2190.0,0.7199999999999989,16,827.0
2195.0,-0.29999999999999893,21,901.0
2200.0,-0.29999999999999893,24,847.0
2205.0,0.129999999999999,22,808.0
2210.0,1.3800000000000008,19,711.0
2215.0,-0.3799999999999999,15,762.0
2220.0,-0.3799999999999999,16,754.0
2225.0,-0.2600000000000007,23,820.0
2230.0,-1.1399999999999988,27,933.0
2235.0,-1.3400000000000016,31,1082.0
2240.0,-1.5399999999999991,32,1238.0
2245.0,-1.5999999999999996,36,1404.0
2250.0,-1.790000000000001,38,1590.0
2255.0,-1.9199999999999982,39,1784.0
2260.0,-2.0100000000000016,42,1990.0
2265.0,-2.0100000000000016,33,1745.0
2270.0,1.620000000000001,27,1472.0
2275.0,2.7299999999999986,19,1277.0
2280.0,1.950000000000001,18,1056.0
2285.0,2.209999999999999,19,1016.0
2290.0,1.2599999999999998,15,881.0
2295.0,0.9600000000000009,21,795.0
2300.0,0.14000000000000057,23,878.0
2305.0,-1.040000000000001,23,946.0
2310.0,-0.6500000000000004,22,1011.0
2315.0,-0.6500000000000004,21,1112.0
2320.0,-1.459999999999999,23,1074.0
2325.0,1.42,16,1026.0
2330.0,1.42,14,1097.0
2335.0,-1.040000000000001,14,1036.0
2340.0,1.4800000000000004,10,942.0
2345.0,0.10999999999999943,12,950.0
2350.0,0.10999999999999943,11,823.0
2355.0,1.040000000000001,8,844.0
2360.0,-0.41999999999999993,16,907.0
2365.0,-0.41999999999999993,13,820.0
2370.0,0.5600000000000005,9,845.0
2375.0,-0.26000000000000156,14,822.0
2380.0,0.1700000000000017,11,840.0
2385.0,-0.07000000000000028,9,839.0
2390.0,-0.07000000000000028,16,896.0
2395.0,-0.7599999999999998,17,965.0
2400.0,-0.7900000000000009,14,1018.0
2405.0,-0.7900000000000009,12,964.0
2410.0,0.2699999999999996,11,1005.0
2415.0,-0.47999999999999865,13,1037.0
2420.0,-0.5,14,1102.0
2425.0,-1.0200000000000014,17,1181.0
2430.0,-1.0200000000000014,11,1169.0
2435.0,0.05000000000000071,13,1196.0
2440.0,-0.8100000000000005,17,1273.0
2445.0,-0.8100000000000005,13,1275.0
2450.0,-0.34999999999999964,14,1334.0
2455.0,-0.5899999999999999,15,1409.0
2460.0,-1.0500000000000007,16,1485.0
2465.0,-1.2199999999999989,21,1582.0
2470.0,-1.120000000000001,23,1696.0
2475.0,-1.120000000000001,21,1782.0
2480.0,-1.259999999999998,19,1768.0
2485.0,0.7199999999999989,11,1751.0
2490.0,0.7199999999999989,14,1788.0
2495.0,-0.6099999999999994,20,1875.0
2500.0,-0.870000000000001,24,1987.0
2505.0,-1.120000000000001,23,2099.0
2510.0,-1.5199999999999996,24,1538.0
2515.0,10.51,18,1106.0
2520.0,10.51,15,990.0
2525.0,1.4400000000000013,12,995.0
2530.0,-0.8900000000000006,16,1064.0
2535.0,-0.8900000000000006,15,937.0
2540.0,0.9600000000000009,17,889.0
2545.0,0.47999999999999865,16,934.0
2550.0,-0.7199999999999989,21,975.0
2555.0,-0.5400000000000009,15,1030.0
2560.0,-0.6099999999999994,17,1093.0
2565.0,-0.7900000000000009,17,1172.0
2570.0,-0.7900000000000009,19,1263.0
2575.0,-1.2699999999999996,19,1358.0
2580.0,-1.33,21,1457.0
2585.0,-1.33,21,1562.0
2590.0,-1.4699999999999989,17,1507.0
2595.0,1.58,10,1438.0
2600.0,-0.8800000000000008,17,1509.0
2605.0,-0.9700000000000006,25,1614.0
2610.0,-0.9700000000000006,21,1485.0
2615.0,0.8500000000000014,17,1412.0
2620.0,0.75,17,1432.0
2625.0,-0.0600000000000005,18,1505.0
2630.0,-0.8900000000000006,19,1600.0
2635.0,-0.9500000000000011,21,1699.0
2640.0,-1.4299999999999997,21,1804.0
2645.0,-1.4299999999999997,18,1694.0
2650.0,0.6799999999999997,15,1759.0
2655.0,-0.9800000000000004,22,1855.0
2660.0,-1.0899999999999999,25,1976.0
2665.0,-1.25,26,2102.0
2670.0,-1.2999999999999972,27,2237.0
2675.0,-1.3500000000000014,29,2374.0
2680.0,-1.4400000000000013,31,2397.0
2685.0,0.4400000000000013,25,2416.0
2690.0,0.4400000000000013,22,2525.0
2695.0,-1.5799999999999983,28,2655.0
2700.0,-1.3500000000000014,34,2815.0
2705.0,-1.6600000000000001,37,2992.0
2710.0,-1.7899999999999991,37,3177.0
2715.0,-1.8500000000000014,42,3375.0
2720.0,-2.039999999999999,43,3590.0
2725.0,-2.1499999999999986,45,3807.0
2730.0,-2.190000000000005,45,4032.0
2735.0,-2.25,47,4260.0
2740.0,-2.299999999999997,47,4495.0
2745.0,-2.3500000000000014,48,4731.0
2750.0,-2.3799999999999955,55,4992.0
2755.0,-2.6700000000000017,52,5032.0
2760.0,0.7999999999999972,43,5055.0
2765.0,0.7999999999999972,43,5263.0
2770.0,-2.960000000000001,40,5462.0
2775.0,-1.9899999999999949,47,5683.0
2780.0,-2.210000000000001,52,5930.0
2785.0,-2.469999999999999,62,6217.0
2790.0,-2.8700000000000045,63,6532.0
2795.0,-3.1499999999999915,65,6850.0
2800.0,-3.180000000000007,65,7175.0
2805.0,-3.25,61,7173.0
2810.0,2.0400000000000063,51,6756.0
2815.0,2.3999999999999915,51,6504.0
2820.0,2.480000000000004,51,6618.0
2825.0,-3.5400000000000063,59,6896.0
2830.0,-3.089999999999989,63,7209.0
2835.0,-3.1500000000000057,63,7524.0
2840.0,-3.1500000000000057,63,7839.0
2845.0,-3.1500000000000057,55,7445.0
2850.0,2.780000000000001,47,7071.0
2855.0,3.8100000000000023,41,6463.0
2860.0,6.150000000000006,34,6628.0
2865.0,-2.180000000000007,35,6790.0
2870.0,-1.8400000000000034,41,6985.0
2875.0,-2.1199999999999903,47,7210.0
2880.0,-2.1199999999999903,44,6898.0
2885.0,2.1799999999999926,36,6847.0
2890.0,1.6600000000000108,25,6560.0
2895.0,2.8899999999999864,30,6370.0
2900.0,3.170000000000009,34,6160.0
2905.0,3.170000000000009,32,6129.0
2910.0,1.0799999999999983,29,5954.0
2915.0,1.4399999999999977,31,5785.0
2920.0,1.7199999999999989,35,5710.0
2925.0,1.7199999999999989,29,5601.0
2930.0,1.0100000000000051,32,5686.0
2935.0,-1.2600000000000051,35,5722.0
2940.0,-0.8999999999999986,34,5851.0
2945.0,-0.8999999999999986,36,5988.0
2950.0,-2.059999999999995,32,6112.0
2955.0,-1.75,38,6258.0
2960.0,-1.8000000000000043,40,6458.0
2965.0,-2.049999999999997,46,6673.0
2970.0,-2.280000000000001,46,6903.0
2975.0,-2.280000000000001,40,7005.0
2980.0,-1.9399999999999977,37,7191.0
2985.0,-2.6599999999999966,46,7406.0
2990.0,-2.3100000000000023,50,7651.0
2995.0,-2.490000000000009,52,7903.0
3000.0,-2.5799999999999983,54,8170.0
3005.0,-2.6899999999999977,55,8441.0
3010.0,-2.75,56,8620.0
3015.0,-1.7399999999999949,48,8775.0
3020.0,-1.7399999999999949,39,8595.0
3025.0,2.1499999999999915,36,8226.0
3030.0,2.5,32,8292.0
3035.0,-0.3199999999999932,30,8354.0
3040.0,-0.3199999999999932,31,8121.0
3045.0,1.730000000000004,34,8284.0
3050.0,-2.3500000000000085,44,8390.0
3055.0,-1.2099999999999937,41,8518.0
3060.0,-1.2099999999999937,36,8449.0
3065.0,0.6899999999999977,33,8302.0
3070.0,0.7399999999999949,36,8320.0
3075.0,0.21000000000000796,38,8421.0
3080.0,-1.4000000000000057,42,8610.0
3085.0,-1.9899999999999949,42,8820.0
3090.0,-2.1099999999999994,44,9038.0
3095.0,-2.1899999999999977,45,9259.0
3100.0,-2.220000000000013,46,9488.0
3105.0,-2.299999999999997,48,9722.0
3110.0,-2.3699999999999903,51,9972.0
3115.0,-2.530000000000001,55,10239.0
3120.0,-2.710000000000008,56,10519.0
3125.0,-2.799999999999997,58,10802.0
3130.0,-2.8499999999999943,58,11092.0
3135.0,-2.9000000000000057,60,11385.0
3140.0,-2.950000000000003,60,11685.0
3145.0,-3.0,62,11988.0
3150.0,-3.069999999999993,66,12315.0
3155.0,-3.2900000000000063,68,12648.0
3160.0,-3.3499999999999943,68,12988.0
3165.0,-3.4000000000000057,70,13332.0
3170.0,-3.460000000000008,66,13387.0
3175.0,0.950000000000017,59,13172.0
3180.0,2.049999999999983,55,12977.0
3185.0,4.070000000000007,50,12590.0
3190.0,1.5400000000000063,44,12372.0
3195.0,2.469999999999999,46,12261.0
3200.0,0.8900000000000006,46,12227.0
3205.0,-1.0700000000000074,47,12352.0
3210.0,-1.7800000000000011,48,12586.0
3215.0,-1.7800000000000011,45,12694.0
3220.0,-2.039999999999992,47,12888.0
3225.0,-1.9399999999999977,49,13127.0
3230.0,-2.390000000000015,43,13054.0
3235.0,2.930000000000007,36,12941.0
3240.0,-2.490000000000009,37,13120.0
3245.0,-2.009999999999991,47,13331.0
3250.0,-2.4499999999999886,52,13581.0
3255.0,-2.4499999999999886,51,13298.0
3260.0,1.8199999999999932,41,13120.0
3265.0,1.8799999999999955,41,13050.0
3270.0,1.3300000000000125,43,13115.0
3275.0,-1.25,45,13323.0
3280.0,-2.170000000000016,47,13553.0
3285.0,-2.329999999999984,49,13794.0
3290.0,-2.420000000000016,50,14040.0
3295.0,-2.4799999999999898,53,14303.0
3300.0,-2.6500000000000057,54,14569.0
3305.0,-2.6899999999999977,57,14853.0
3310.0,-2.8499999999999943,57,15138.0
3315.0,-2.8600000000000136,57,15231.0
3320.0,-0.12000000000000455,49,15143.0
3325.0,0.710000000000008,45,15099.0
3330.0,1.1100000000000136,47,15043.0
3335.0,-0.5500000000000114,49,15177.0
3340.0,-0.5500000000000114,48,15378.0
3345.0,-2.969999999999999,45,15583.0
3350.0,-2.8100000000000023,45,15607.0
3355.0,0.5300000000000011,39,15645.0
3360.0,0.8600000000000136,35,15448.0
3365.0,0.789999999999992,39,15480.0
3370.0,-1.3300000000000125,41,15613.0
3375.0,-1.3300000000000125,35,15715.0
3380.0,-1.759999999999991,35,15839.0
3385.0,-1.240000000000009,36,16016.0
3390.0,-1.789999999999992,34,16146.0
3395.0,-1.4799999999999898,35,16271.0
3400.0,-1.4799999999999898,41,16462.0
3405.0,-2.6100000000000136,41,16667.0
3410.0,-2.049999999999983,43,16876.0
3415.0,-2.0900000000000034,43,17091.0
3420.0,-2.1500000000000057,44,17307.0
3425.0,-2.1599999999999966,39,17423.0
3430.0,-1.0999999999999943,37,17469.0
3435.0,-0.9200000000000159,38,17610.0
3440.0,-1.8199999999999932,41,17814.0
3445.0,-2.0900000000000034,43,18029.0
3450.0,-2.1500000000000057,44,18245.0
3455.0,-2.1999999999999886,45,18470.0
3460.0,-2.25,47,18699.0
3465.0,-2.3499999999999943,47,18806.0
3470.0,-0.5300000000000011,44,18892.0
3475.0,-0.9699999999999989,45,18988.0
3480.0,-2.240000000000009,47,19216.0
3485.0,-2.4099999999999966,49,19459.0
3490.0,-2.480000000000018,51,19709.0
3495.0,-2.559999999999974,53,19967.0
3500.0,-2.690000000000026,55,20238.0
3505.0,-2.75,56,20514.0
3510.0,-2.75,52,20498.0
3515.0,-0.8999999999999773,43,20510.0
3520.0,-0.040000000000020464,44,20553.0
3525.0,-0.19999999999998863,44,20702.0
3530.0,-1.740000000000009,46,20926.0
3535.0,-2.259999999999991,44,21027.0
3540.0,-0.6899999999999977,36,21032.0
3545.0,-0.4200000000000159,42,21126.0
3550.0,-1.4699999999999989,42,21314.0
3555.0,-2.119999999999976,44,21530.0
3560.0,-2.200000000000017,44,21750.0
3565.0,-2.219999999999999,46,21976.0
3570.0,-2.299999999999983,46,22206.0
3575.0,-2.299999999999983,43,22272.0
3580.0,-1.5800000000000125,44,22462.0
3585.0,-1.9000000000000057,47,22694.0
3590.0,-2.319999999999993,49,22931.0
3595.0,-2.3700000000000045,51,23184.0
3600.0,-2.530000000000001,51,23439.0
3605.0,-2.549999999999983,57,23711.0
3610.0,-2.7200000000000273,57,23996.0
3615.0,-2.8499999999999943,61,24298.0
3620.0,-3.019999999999982,61,24603.0
3625.0,-3.0500000000000114,65,24920.0
3630.0,-3.1699999999999875,65,25245.0
3635.0,-3.25,68,25581.0
3640.0,-3.3600000000000136,64,25796.0
3645.0,-2.410000000000025,59,25924.0
3650.0,-1.6299999999999955,60,26116.0
3655.0,-2.5600000000000023,65,26436.0
3660.0,-3.25,67,26763.0
3665.0,-3.3100000000000023,67,27098.0
3670.0,-3.349999999999966,69,27435.0
3675.0,-3.410000000000025,69,27780.0
3680.0,-3.4599999999999795,69,27853.0
3685.0,0.6200000000000045,61,27799.0
3690.0,2.5600000000000023,58,27659.0
3695.0,2.5600000000000023,45,27749.0
3700.0,-1.9300000000000068,47,27775.0
3705.0,0.589999999999975,48,27664.0
3710.0,0.7900000000000205,48,27622.0
3715.0,0.9300000000000068,48,27582.0
3720.0,-0.8999999999999773,49,27726.0
3725.0,-0.8999999999999773,49,27855.0
3730.0,-2.0200000000000387,54,28116.0
3735.0,-2.6100000000000136,57,28398.0
3740.0,-2.819999999999993,53,28628.0
3745.0,-2.9599999999999795,51,28842.0
3750.0,-3.6100000000000136,56,29111.0
3755.0,-2.8999999999999773,60,29405.0
3760.0,-3.079999999999984,63,29716.0
3765.0,-3.079999999999984,56,29733.0
3770.0,-1.3500000000000227,51,29801.0
3775.0,-0.6399999999999864,52,29945.0
3780.0,-1.1899999999999977,49,30083.0
3785.0,-1.6100000000000136,42,30139.0
3790.0,-0.3299999999999841,41,30196.0
3795.0,-1.0900000000000318,45,30351.0
3800.0,-2.159999999999968,47,30584.0
3805.0,-2.3500000000000227,48,30820.0
3810.0,-2.420000000000016,49,31065.0
3815.0,-2.4499999999999886,49,31310.0
3820.0,-2.480000000000018,51,31561.0
3825.0,-2.5399999999999636,51,31816.0
3830.0,-2.5600000000000023,55,32078.0
3835.0,-2.7800000000000296,57,32362.0
3840.0,-2.849999999999966,59,32650.0
3845.0,-2.9399999999999977,59,32945.0
3850.0,-2.9500000000000455,59,33240.0
3855.0,-3.0,61,33544.0
3860.0,-3.0499999999999545,61,33849.0
3865.0,-3.090000000000032,65,34165.0
3870.0,-3.090000000000032,57,34185.0
3875.0,-1.490000000000009,60,34471.0
3880.0,-4.099999999999966,63,34587.0
3885.0,-0.4200000000000159,57,34694.0
3890.0,0.37999999999999545,49,34580.0
3895.0,0.37999999999999545,44,34590.0
3900.0,-0.37000000000000455,48,34704.0
3905.0,-1.169999999999959,52,34779.0
3910.0,-1.25,52,34946.0
3915.0,-2.1200000000000045,54,35198.0
3920.0,-2.7000000000000455,54,35468.0
3925.0,-2.7000000000000455,46,35584.0
3930.0,-2.2399999999999523,48,35755.0
3935.0,-1.7100000000000364,48,35987.0
3940.0,-2.319999999999993,54,36247.0
3945.0,-2.6000000000000227,54,36517.0
3950.0,-2.6999999999999886,55,36788.0
3955.0,-2.7099999999999795,56,37067.0
3960.0,-2.7900000000000205,50,37174.0
3965.0,-0.4900000000000091,46,37253.0
3970.0,-3.3100000000000023,53,37500.0
3975.0,-3.3100000000000023,51,37521.0
3980.0,-1.25,50,37657.0
3985.0,-1.3099999999999454,53,37904.0
3990.0,-2.5400000000000205,54,38173.0
3995.0,-2.6999999999999886,55,38444.0
4000.0,-2.75,58,38734.0
4005.0,-2.900000000000034,60,39026.0
4010.0,-2.9399999999999977,62,39334.0
4015.0,-3.099999999999966,64,39648.0
4020.0,-3.160000000000025,62,39785.0
4025.0,-0.8199999999999932,54,39764.0
4030.0,0.4900000000000091,50,39755.0
4035.0,-0.9300000000000068,52,39893.0
4040.0,-1.759999999999991,52,40118.0
4045.0,-2.6100000000000136,54,40383.0
4050.0,-2.740000000000009,58,40664.0
4055.0,-2.8999999999999773,60,40959.0
4060.0,-3.0,60,41259.0
4065.0,-3.009999999999991,62,41564.0
4070.0,-3.1000000000000227,62,41874.0
4075.0,-3.1399999999999864,64,42192.0
4080.0,-3.1999999999999886,64,42512.0
4085.0,-3.1999999999999886,61,42427.0
4090.0,-0.4300000000000068,52,42371.0
4095.0,0.5600000000000023,48,42243.0
4100.0,1.2799999999999727,49,42273.0
4105.0,-0.30000000000001137,45,42397.0
4110.0,-1.0600000000000023,50,42479.0
4115.0,-1.5600000000000023,51,42688.0
4120.0,-2.579999999999984,55,42956.0
4125.0,-2.730000000000018,55,43231.0
4130.0,-2.769999999999982,59,43520.0
4135.0,-2.9499999999999886,59,43815.0
4140.0,-2.9700000000000273,61,44118.0
4145.0,-3.079999999999984,63,44432.0
4150.0,-3.170000000000016,63,44631.0
4155.0,-2.109999999999957,58,44829.0
4160.0,-2.109999999999957,56,44847.0
4165.0,-1.3199999999999932,53,44912.0
4170.0,-0.6100000000000136,50,44984.0
4175.0,-0.8199999999999932,47,45082.0
4180.0,-1.490000000000009,53,45280.0
4185.0,-1.490000000000009,47,45367.0
4190.0,-1.7200000000000273,46,45511.0
4195.0,-1.4399999999999977,49,45715.0
4200.0,-2.919999999999959,51,45864.0
4205.0,-1.7000000000000455,48,46021.0
4210.0,-1.7000000000000455,45,46215.0
4215.0,-2.579999999999984,44,46377.0
4220.0,-2.5299999999999727,48,46579.0
4225.0,-2.4500000000000455,52,46832.0
4230.0,-2.589999999999975,52,47092.0
4235.0,-2.660000000000025,54,47362.0
4240.0,-2.660000000000025,48,47477.0
4245.0,-2.2299999999999613,49,47668.0
4250.0,-1.910000000000025,50,47911.0
4255.0,-2.430000000000007,51,48166.0
4260.0,-2.5500000000000114,52,48423.0
4265.0,-2.569999999999993,55,48693.0
4270.0,-2.6999999999999886,59,48980.0
4275.0,-2.8700000000000045,59,49275.0
4280.0,-2.9499999999999886,61,49572.0
4285.0,-2.9700000000000273,61,49877.0
4290.0,-3.0499999999999545,62,50185.0
4295.0,-3.080000000000041,59,50430.0
4300.0,-3.069999999999993,63,50680.0
4305.0,-3.1399999999999864,61,50793.0
4310.0,-0.3199999999999932,55,50893.0
4315.0,-0.3199999999999932,50,51152.0
4320.0,-3.6399999999999864,52,51403.0
4325.0,-2.5399999999999636,60,51689.0
4330.0,-2.9400000000000546,66,52007.0
4335.0,-3.25,71,52355.0
4340.0,-3.509999999999991,73,52714.0
4345.0,-3.6100000000000136,74,53081.0
4350.0,-3.689999999999941,77,53462.0
4355.0,-3.830000000000041,74,53586.0
4360.0,-0.13999999999998636,67,53689.0
4365.0,-0.13999999999998636,53,53753.0
4370.0,-2.0,53,53872.0
4375.0,-1.1900000000000546,59,54088.0
4380.0,-2.159999999999968,65,54401.0
4385.0,-3.1299999999999955,72,54746.0
4390.0,-3.4500000000000455,69,54824.0
4395.0,0.4700000000000273,61,54548.0
4400.0,2.419999999999959,55,54348.0
4405.0,1.650000000000091,47,54241.0
4410.0,0.7699999999999818,50,54168.0
4415.0,0.2799999999999727,50,54245.0
4420.0,-1.1599999999999682,52,54416.0
4425.0,-2.019999999999982,52,54653.0
4430.0,-2.5200000000000955,53,54916.0
4435.0,-2.669999999999959,52,55054.0
4440.0,-0.9700000000000273,49,55138.0
4445.0,-1.259999999999991,50,55297.0
4450.0,-2.5399999999999636,52,55553.0
4455.0,-2.5399999999999636,46,55592.0
4460.0,-1.3500000000000227,43,55683.0
4465.0,-0.9099999999999682,44,55862.0
4470.0,-1.7899999999999636,46,56088.0
4475.0,-2.2800000000000864,46,56318.0
4480.0,-3.2899999999999636,49,56561.0
4485.0,-2.480000000000018,50,56811.0
4490.0,-2.5399999999999636,52,57069.0
4495.0,-2.6499999999999773,54,57338.0
4500.0,-2.75,56,57617.0
4505.0,-2.75,49,57645.0
4510.0,-1.400000000000091,44,57714.0
4515.0,-0.6899999999999409,49,57829.0
4520.0,-1.1499999999999773,50,58073.0
4525.0,-2.4400000000000546,52,58327.0
4530.0,-2.5399999999999636,46,58478.0
4535.0,-1.6399999999999864,43,58564.0
4540.0,-1.2200000000000273,44,58727.0
4545.0,-2.019999999999982,42,58883.0
4550.0,-1.7200000000000273,42,59029.0
4555.0,-1.7200000000000273,47,59250.0
4560.0,-3.1000000000000227,44,59468.0
4565.0,-2.9599999999999227,47,59687.0
4570.0,-2.9599999999999227,46,59909.0
4575.0,-3.160000000000082,47,60144.0
4580.0,-2.3500000000000227,49,60381.0
4585.0,-3.349999999999909,49,60626.0
4590.0,-2.4700000000000273,51,60779.0
4595.0,-1.4700000000000273,41,60914.0
4600.0,-0.7599999999999909,42,60952.0
4605.0,-1.4099999999999682,42,61132.0
4610.0,-1.4099999999999682,45,61347.0
4615.0,-3.019999999999982,44,61566.0
4620.0,-3.0400000000000773,45,61785.0
4625.0,-2.2799999999999727,49,62021.0
4630.0,-2.2799999999999727,46,62244.0
4635.0,-3.2000000000000455,48,62481.0
4640.0,-3.3299999999999272,48,62721.0
4645.0,-3.3799999999999955,52,62967.0
4650.0,-2.6000000000000227,52,63227.0
4655.0,-2.6399999999999864,54,63493.0
4660.0,-2.7799999999999727,56,63773.0
4665.0,-2.8500000000000227,58,64060.0
4670.0,-2.9400000000000546,60,64356.0
4675.0,-3.0799999999999272,62,64666.0
4680.0,-3.1200000000000045,64,64980.0
4685.0,-3.1200000000000045,58,65014.0
4690.0,-0.7100000000000364,52,65198.0
4695.0,-3.689999999999941,58,65470.0
4700.0,-3.689999999999941,54,65556.0
4705.0,-2.0,53,65654.0
4710.0,-0.5200000000000955,51,65578.0
4715.0,-0.15999999999996817,51,65629.0
4720.0,-0.6599999999999682,51,65815.0
4725.0,-2.2200000000000273,53,66071.0
4730.0,-2.6499999999999773,54,66338.0
4735.0,-2.740000000000009,59,66627.0
4740.0,-2.9400000000000546,59,66922.0
4745.0,-2.9599999999999227,61,67224.0
4750.0,-3.050000000000068,61,67529.0
4755.0,-3.0799999999999272,61,67667.0
4760.0,-0.8100000000000591,51,67786.0
4765.0,0.10000000000002274,44,67769.0
4770.0,0.10000000000002274,46,67821.0
4775.0,-1.419999999999959,49,67950.0
4780.0,-1.25,49,68000.0
4785.0,-0.8100000000000591,47,68142.0
4790.0,-0.8100000000000591,49,68281.0
4795.0,-2.0799999999999272,49,68480.0
4800.0,-2.6100000000000136,45,68659.0
4805.0,-3.1399999999999864,51,68907.0
4810.0,-3.1399999999999864,48,69114.0
4815.0,-3.050000000000068,51,69352.0
4820.0,-3.480000000000018,55,69619.0
4825.0,-3.480000000000018,47,69676.0
4830.0,-1.669999999999959,51,69913.0
4835.0,-3.3999999999999773,55,70179.0
4840.0,-2.7800000000000864,57,70403.0
4845.0,-2.599999999999909,49,70603.0
4850.0,-2.599999999999909,53,70852.0
4855.0,-3.5300000000000864,54,71065.0
4860.0,-2.659999999999968,52,71246.0
4865.0,-2.1299999999999955,52,71488.0
4870.0,-2.1299999999999955,45,71464.0
4875.0,-0.7799999999999727,42,71661.0
4880.0,-2.8799999999999955,51,71899.0
4885.0,-2.5299999999999727,56,72170.0
4890.0,-2.7700000000000955,54,72323.0
4895.0,-1.3700000000000045,46,72465.0
4900.0,-0.2599999999999909,43,72461.0
4905.0,-1.419999999999959,45,72632.0
4910.0,-1.419999999999959,44,72750.0
4915.0,-1.759999999999991,47,72949.0
4920.0,-2.330000000000041,47,73184.0
4925.0,-2.3700000000000045,47,73373.0
4930.0,-2.3799999999999955,44,73538.0
4935.0,-1.9699999999999136,47,73761.0
4940.0,-1.9699999999999136,39,73861.0
4945.0,-1.9300000000000637,40,74048.0
4950.0,-2.699999999999932,46,74227.0
4955.0,-2.490000000000009,44,74421.0
4960.0,-2.1400000000001,44,74638.0
4965.0,-2.2199999999999136,46,74862.0
4970.0,-2.300000000000068,46,75092.0
4975.0,-2.3600000000000136,48,75330.0
4980.0,-2.3999999999999773,48,75570.0
4985.0,-2.5299999999999727,54,75829.0
4990.0,-2.7000000000000455,54,76099.0
4995.0,-2.7799999999999727,56,76379.0
5000.0,-2.7999999999999545,56,76659.0
5005.0,-2.8500000000000227,58,76946.0
5010.0,-2.8500000000000227,52,77022.0
5015.0,-1.8400000000000318,46,77130.0
5020.0,-1.0499999999999545,52,77313.0
5025.0,-1.8500000000000227,52,77570.0
5030.0,-2.6000000000000227,49,77662.0
5035.0,-0.15999999999996817,43,77724.0
5040.0,-0.15999999999996817,46,77941.0
5045.0,-3.0299999999999727,52,78197.0
5050.0,-2.560000000000059,46,78325.0
5055.0,-1.0199999999999818,47,78368.0
5060.0,-1.990000000000009,46,78544.0
5065.0,-1.9700000000000273,50,78745.0
5070.0,-2.5,50,78995.0
5075.0,-2.5299999999999727,52,79250.0
5080.0,-2.6000000000000227,52,79510.0
5085.0,-2.6100000000000136,54,79773.0
5090.0,-2.7199999999999136,56,80047.0
5095.0,-2.8999999999999773,60,80341.0
5100.0,-3.0,60,80641.0
5105.0,-3.0,55,80647.0
5110.0,-1.1900000000000546,49,80790.0
5115.0,-1.4099999999999682,47,80935.0
5120.0,-1.4099999999999682,46,80967.0
5125.0,-1.259999999999991,50,81121.0
5130.0,-1.8799999999999955,48,81246.0
5135.0,-2.32000000000005,48,81432.0
5140.0,-2.4700000000000273,55,81689.0
5145.0,-2.75,57,81966.0
5150.0,-2.8600000000000136,58,82253.0
5155.0,-2.909999999999968,61,82547.0
5160.0,-3.1100000000000136,64,82861.0
5165.0,-3.25,66,83188.0
5170.0,-3.25,59,83287.0
5175.0,-2.2200000000000273,51,83433.0
5180.0,-1.169999999999959,44,83458.0
5185.0,-0.7100000000000364,52,83593.0
5190.0,-1.8899999999999864,56,83833.0
5195.0,-1.8899999999999864,48,83882.0
5200.0,-1.6100000000000136,45,83932.0
5205.0,-0.5,45,83992.0
5210.0,-0.599999999999909,47,84165.0
5215.0,-1.7300000000000182,47,84396.0
5220.0,-2.310000000000059,47,84631.0
5225.0,-2.349999999999909,49,84873.0
5230.0,-2.4200000000000728,49,85118.0
5235.0,-2.449999999999932,54,85374.0
5240.0,-2.560000000000059,49,85560.0
5245.0,-2.0499999999999545,50,85716.0
5250.0,-2.25,50,85954.0
5255.0,-2.5400000000000773,53,86215.0
5260.0,-2.6399999999999864,54,86357.0
5265.0,-1.169999999999959,44,86483.0
5270.0,-0.2300000000000182,45,86487.0
5275.0,-1.7799999999999727,49,86688.0
5280.0,-2.4600000000000364,51,86937.0
5285.0,-2.5499999999999545,51,87192.0
5290.0,-2.560000000000059,53,87450.0
5295.0,-2.6499999999999773,53,87715.0
5300.0,-2.669999999999959,55,87984.0
5305.0,-2.75,55,88259.0
5310.0,-2.900000000000091,61,88555.0
5315.0,-2.900000000000091,53,88594.0
5320.0,-1.509999999999991,46,88836.0
5325.0,-3.3899999999999864,52,89087.0
5330.0,-2.669999999999959,58,89366.0
5335.0,-2.9700000000000273,61,89670.0
5340.0,-2.9700000000000273,55,89689.0
5345.0,-1.4099999999999682,57,89841.0
5350.0,-1.5199999999999818,59,90129.0
5355.0,-2.8799999999999955,55,90252.0
5360.0,-0.8400000000000318,46,90324.0
5365.0,-2.7000000000000455,43,90526.0
5370.0,-2.7000000000000455,44,90551.0
5375.0,-0.5799999999999272,40,90543.0
5380.0,-0.42000000000007276,45,90636.0
5385.0,-0.5899999999999181,46,90799.0
5390.0,-2.009999999999991,44,90984.0
5395.0,-2.5100000000001046,45,91181.0
5400.0,-2.25,46,91411.0
5405.0,-2.25,45,91537.0
5410.0,-2.17999999999995,45,91762.0
5415.0,-2.25,48,91992.0
5420.0,-2.2999999999999545,49,92237.0
5425.0,-2.4500000000000455,51,92488.0
5430.0,-2.509999999999991,53,92751.0
5435.0,-2.6299999999999955,55,93022.0
5440.0,-2.7100000000000364,57,93303.0
5445.0,-2.8099999999999454,59,93592.0
5450.0,-2.8899999999999864,56,93770.0
5455.0,-1.7800000000000864,51,93836.0
5460.0,-0.9499999999999318,52,93922.0
5465.0,-1.4300000000000637,51,94055.0
5470.0,-1.4699999999999136,46,94201.0
5475.0,-1.4699999999999136,46,94401.0
5480.0,-2.9300000000000637,49,94565.0
5485.0,-1.9399999999999409,46,94693.0
5490.0,-1.7700000000000955,50,94914.0
5495.0,-2.439999999999941,50,95163.0
5500.0,-2.560000000000059,52,95423.0
5505.0,-2.599999999999909,53,95684.0
5510.0,-2.660000000000082,54,95953.0
5515.0,-2.699999999999932,54,96223.0
5520.0,-2.730000000000018,57,96500.0
5525.0,-2.730000000000018,51,96491.0
5530.0,-1.0299999999999727,48,96640.0
5535.0,-1.580000000000041,48,96778.0
5540.0,-3.269999999999982,52,97028.0
5545.0,-3.269999999999982,49,97086.0
5550.0,-1.5900000000000318,49,97244.0
5555.0,-1.75,44,97398.0
5560.0,-1.75,47,97543.0
5565.0,-2.3299999999999272,52,97795.0
5570.0,-2.5200000000000955,55,98066.0
5575.0,-2.7099999999999227,57,98346.0
5580.0,-2.800000000000068,52,98530.0
5585.0,-2.1200000000000045,46,98612.0
5590.0,-1.1899999999999409,46,98745.0
5595.0,-1.4400000000000546,47,98867.0
5600.0,-1.509999999999991,44,99016.0
5605.0,-1.3600000000000136,45,99146.0
5610.0,-2.1299999999999955,45,99366.0
5615.0,-2.3299999999999272,47,99601.0
5620.0,-2.3700000000000045,49,99840.0
5625.0,-2.4500000000000455,49,100085.0
5630.0,-2.480000000000018,53,100337.0
5635.0,-2.7199999999999136,55,100611.0
5640.0,-2.7600000000001046,56,100888.0
5645.0,-2.839999999999918,57,101173.0
5650.0,-2.839999999999918,51,88431.0
5655.0,126.36000000000001,43,76201.0
5660.0,122.3599999999999,37,64497.0
5665.0,174.5,33,47868.0
5670.0,108.94000000000005,30,45254.0
5675.0,27.069999999999993,28,45248.0
5680.0,27.069999999999993,34,35029.0
5685.0,101.63999999999999,33,25387.0
5690.0,96.42000000000002,36,11916.0
5695.0,134.71,37,3714.0
5700.0,82.02,42,1844.0
5705.0,18.7,39,1841.0
5710.0,1.240000000000002,29,1708.0
5715.0,0.07000000000000028,20,1733.0
5720.0,0.07000000000000028,18,1545.0
5725.0,2.289999999999999,18,1479.0
5730.0,0.10999999999999943,18,1508.0
5735.0,0.10999999999999943,20,1298.0
5740.0,1.75,21,1199.0
5745.0,2.630000000000001,15,1028.0
5750.0,-0.25,21,1068.0
5755.0,-0.870000000000001,33,1179.0
5760.0,-0.870000000000001,27,1013.0
5765.0,1.0899999999999999,25,935.0
5770.0,0.7800000000000011,23,838.0
5775.0,2.21,19,777.0
5780.0,2.21,16,829.0
5785.0,-0.8999999999999995,19,912.0
5790.0,-0.8300000000000001,19,855.0
5795.0,1.5999999999999996,15,724.0
5800.0,0.2599999999999998,12,738.0
5805.0,0.2599999999999998,15,800.0
5810.0,-0.9000000000000004,23,897.0
5815.0,-1.0500000000000007,29,887.0
5820.0,0.8800000000000008,19,873.0
5825.0,0.8800000000000008,14,847.0
5830.0,-0.14000000000000057,15,901.0
5835.0,-0.8699999999999992,22,996.0
5840.0,-1.0899999999999999,27,980.0
5845.0,1.0600000000000005,21,958.0
5850.0,1.0600000000000005,18,909.0
5855.0,0.08999999999999986,18,1002.0
5860.0,-0.9300000000000015,26,1116.0
5865.0,-1.2299999999999986,29,1228.0
5870.0,-1.6600000000000001,33,1376.0
5875.0,-1.6600000000000001,27,1189.0
5880.0,1.209999999999999,15,1168.0
5885.0,0.5500000000000007,14,1154.0
5890.0,-0.7200000000000006,20,1226.0
5895.0,-0.7200000000000006,22,1249.0
5900.0,-0.629999999999999,26,1183.0
5905.0,1.9000000000000004,21,1123.0
5910.0,1.9000000000000004,16,1187.0
5915.0,-1.08,9,1092.0
5920.0,2.2699999999999996,11,989.0
5925.0,-0.8000000000000007,14,1054.0
5930.0,-0.8000000000000007,11,828.0
5935.0,2.01,8,805.0
5940.0,0.47000000000000064,11,813.0
5945.0,0.47000000000000064,18,863.0
5950.0,-0.7100000000000009,23,923.0
5955.0,-1.08,28,883.0
5960.0,1.3100000000000005,23,863.0
5965.0,1.3100000000000005,18,942.0
5970.0,-1.1799999999999997,16,1019.0
5975.0,-0.7699999999999996,20,1105.0
5980.0,-0.9100000000000001,26,1221.0
5985.0,-1.2300000000000004,29,1185.0
5990.0,1.3800000000000008,23,1159.0
5995.0,1.3800000000000008,24,1125.0
6000.0,-0.14000000000000057,20,1233.0
6005.0,-1.08,26,1344.0
6010.0,-1.1099999999999994,34,1497.0
6015.0,-1.5300000000000011,41,1685.0
6020.0,-1.8800000000000008,39,1703.0
6025.0,0.9100000000000019,32,1629.0
6030.0,-1.040000000000001,26,1724.0
6035.0,-1.040000000000001,23,1511.0
6040.0,1.67,15,1562.0
6045.0,-0.5599999999999987,17,1615.0
6050.0,-0.8499999999999996,23,1717.0
6055.0,-0.8499999999999996,19,1513.0
6060.0,1.589999999999998,26,1452.0
6065.0,1.6800000000000015,29,1304.0
6070.0,0.16000000000000014,20,1349.0
6075.0,0.16000000000000014,16,1138.0
6080.0,1.75,12,1176.0
6085.0,-0.46000000000000085,17,1232.0
6090.0,-0.46000000000000085,19,1190.0
6095.0,0.09999999999999964,21,1130.0
6100.0,1.8100000000000005,21,1029.0
6105.0,-0.9900000000000002,20,1128.0
6110.0,-0.9900000000000002,14,989.0
6115.0,1.790000000000001,7,921.0
6120.0,0.15999999999999837,11,933.0
6125.0,0.15999999999999837,19,893.0
6130.0,0.20000000000000107,25,1007.0
6135.0,-1.1400000000000006,37,1168.0
6140.0,-1.6099999999999994,44,1379.0
6145.0,-2.1099999999999994,46,1602.0
6150.0,-2.2300000000000004,48,1841.0
6155.0,-2.3900000000000006,48,2081.0
6160.0,-2.3999999999999986,52,2337.0
6165.0,-2.5600000000000023,53,2598.0
6170.0,-2.6099999999999994,57,2878.0
6175.0,-2.8000000000000007,54,2920.0
6180.0,0.8599999999999994,44,2803.0
6185.0,-0.48999999999999844,32,2873.0
6190.0,-0.48999999999999844,24,2573.0
6195.0,2.460000000000001,17,2562.0
6200.0,0.6400000000000006,18,2565.0
6205.0,0.6400000000000006,20,2330.0
6210.0,2.009999999999998,29,2244.0
6215.0,2.3599999999999994,31,2036.0
6220.0,0.3100000000000023,27,2090.0
6225.0,0.3100000000000023,23,1918.0
6230.0,2.129999999999999,18,1821.0
6235.0,0.7199999999999989,14,1807.0
6240.0,0.7199999999999989,16,1539.0
6245.0,2.3900000000000006,18,1507.0
6250.0,0.41999999999999993,22,1399.0
6255.0,1.5899999999999999,24,1362.0
6260.0,1.5899999999999999,19,1259.0
6265.0,0.6300000000000008,16,1185.0
6270.0,1.8200000000000003,18,1128.0
6275.0,1.8200000000000003,19,1079.0
6280.0,0.14000000000000057,26,1092.0
6285.0,0.2699999999999996,29,979.0
6290.0,1.08,31,975.0
6295.0,1.08,26,965.0
6300.0,-0.4299999999999997,19,975.0
6305.0,-0.08000000000000007,25,1059.0
6310.0,-0.9100000000000001,29,1102.0
6315.0,-0.4299999999999997,33,1138.0
6320.0,-1.1000000000000014,35,1308.0
6325.0,-1.1000000000000014,33,1158.0
6330.0,0.8100000000000005,31,1298.0
6335.0,-1.9700000000000006,31,1236.0
6340.0,2.0500000000000007,23,1173.0
6345.0,2.0500000000000007,18,1246.0
6350.0,-1.1300000000000008,11,1137.0
6355.0,2.0600000000000005,10,1078.0
6360.0,2.0600000000000005,13,1120.0
6365.0,-0.629999999999999,21,1207.0
6370.0,-0.870000000000001,25,1324.0
6375.0,-1.17,35,1482.0
6380.0,-1.58,42,1677.0
6385.0,-1.9499999999999993,47,1895.0
6390.0,-2.1799999999999997,51,2146.0
6395.0,-2.5100000000000016,47,2314.0
6400.0,-2.169999999999998,46,2384.0
6405.0,-1.0400000000000027,41,2508.0
6410.0,-1.0400000000000027,37,2291.0
6415.0,1.4000000000000021,33,2078.0
6420.0,2.1799999999999997,24,2117.0
6425.0,0.08999999999999986,20,2140.0
6430.0,0.08999999999999986,18,1834.0
6435.0,2.66,16,1859.0
6440.0,-0.07000000000000028,17,1685.0
6445.0,2.83,17,1575.0
6450.0,2.83,13,1592.0
6455.0,-0.47999999999999865,17,1486.0
6460.0,2.4799999999999986,21,1402.0
6465.0,2.4799999999999986,14,1239.0
6470.0,1.1899999999999995,16,1142.0
6475.0,2.1400000000000006,15,1023.0
6480.0,-0.13000000000000078,16,1054.0
6485.0,-0.13000000000000078,17,958.0
6490.0,0.5900000000000016,27,947.0
6495.0,-0.5900000000000016,38,1112.0
6500.0,-0.5900000000000016,35,1213.0
6505.0,-1.75,34,1307.0
6510.0,-1.0299999999999994,30,1212.0
6515.0,1.6799999999999997,25,1173.0
6520.0,1.6799999999999997,15,1189.0
6525.0,-0.5700000000000003,12,1219.0
6530.0,-0.3999999999999986,22,1285.0
6535.0,-0.3999999999999986,32,1425.0
6540.0,-1.8000000000000007,38,1602.0
6545.0,-1.7699999999999996,42,1811.0
6550.0,-2.09,44,2024.0
6555.0,-2.129999999999999,46,2251.0
6560.0,-2.270000000000003,47,2484.0
6565.0,-2.3299999999999983,50,2726.0
6570.0,-2.4200000000000017,56,3001.0
6575.0,-2.75,58,3284.0
6580.0,-2.830000000000002,53,3449.0
6585.0,-1.5999999999999943,44,3279.0
6590.0,2.889999999999997,40,3195.0
6595.0,3.5199999999999996,37,2840.0
6600.0,3.5199999999999996,26,2767.0
6605.0,0.13000000000000256,20,2617.0
6610.0,3.169999999999998,20,2513.0
6615.0,3.169999999999998,19,2457.0
6620.0,0.16000000000000014,19,2342.0
6625.0,2.830000000000002,18,2175.0
6630.0,-0.41000000000000014,17,2232.0
6635.0,-0.41000000000000014,19,2059.0
6640.0,2.34,26,2045.0
6645.0,-1.240000000000002,35,2173.0
6650.0,-1.240000000000002,37,2097.0
6655.0,0.08000000000000185,34,2251.0
6660.0,-2.09,37,2330.0
6665.0,-1.2000000000000028,38,2464.0
6670.0,-1.2000000000000028,37,2622.0
6675.0,-2.2799999999999976,38,2778.0
6680.0,-2.2699999999999996,38,2957.0
6685.0,-2.2699999999999996,34,2528.0
6690.0,3.5299999999999976,27,2648.0
6695.0,-1.6199999999999974,23,2760.0
6700.0,-1.1400000000000006,19,2864.0
6705.0,-1.0100000000000016,25,2977.0
6710.0,-1.2699999999999996,34,3127.0
6715.0,-1.7000000000000028,43,3177.0
6720.0,-1.3399999999999963,43,3379.0
6725.0,-1.3399999999999963,45,3604.0
6730.0,-3.1300000000000026,41,3726.0
6735.0,-1.269999999999996,40,3817.0
6740.0,-1.4299999999999997,40,3999.0
6745.0,-2.0,40,4199.0
6750.0,-2.0,34,3585.0
6755.0,5.339999999999996,22,3682.0
6760.0,-1.25,20,3769.0
6765.0,-0.9600000000000009,17,3859.0
6770.0,-0.9299999999999997,24,3968.0
6775.0,-1.2299999999999969,27,4053.0
6780.0,-1.5900000000000034,35,4216.0
6785.0,-1.8999999999999986,42,4413.0
6790.0,-1.8999999999999986,34,3764.0
6795.0,5.75,23,3880.0
6800.0,-1.519999999999996,22,3992.0
6805.0,-1.0,17,4084.0
6810.0,-0.8800000000000026,21,4177.0
6815.0,-1.1300000000000026,28,4303.0
6820.0,-1.4699999999999989,37,4467.0
6825.0,-1.9399999999999977,44,4677.0
6830.0,-1.9399999999999977,34,3975.0
6835.0,6.149999999999999,26,3125.0
6840.0,8.5,17,3214.0
6845.0,-1.2199999999999989,17,3295.0
6850.0,-0.7899999999999991,20,3381.0
6855.0,-0.990000000000002,30,3132.0
6860.0,5.149999999999999,28,2938.0
6865.0,5.149999999999999,23,2890.0
6870.0,0.07000000000000028,21,2989.0
6875.0,-1.4899999999999984,24,3099.0
6880.0,-1.4899999999999984,22,2506.0
6885.0,5.460000000000001,16,2473.0
6890.0,1.3099999999999987,12,2074.0
6895.0,5.710000000000001,11,1815.0
6900.0,5.710000000000001,12,1838.0
6905.0,-0.4700000000000024,15,1606.0
6910.0,4.830000000000002,12,1392.0
6915.0,4.830000000000002,8,1228.0
6920.0,1.4000000000000004,11,1009.0
6925.0,4.489999999999999,9,777.0
6930.0,-0.34000000000000075,16,829.0
6935.0,-0.34000000000000075,16,542.0
6940.0,2.5600000000000005,13,533.0
6945.0,0.6600000000000001,15,518.0
6950.0,0.6600000000000001,20,572.0
6955.0,-0.8099999999999996,22,535.0
6960.0,1.1499999999999995,16,454.0
6965.0,-0.02999999999999936,14,474.0
6970.0,-0.02999999999999936,16,516.0
6975.0,-0.75,21,609.0
6980.0,-1.3400000000000007,26,721.0
6985.0,-1.3400000000000007,29,855.0
6990.0,-1.8600000000000003,29,1000.0
6995.0,-1.4499999999999993,31,1152.0
7000.0,-1.5199999999999996,35,1317.0
7005.0,-1.6500000000000004,39,1509.0
7010.0,-1.92,39,1704.0
7015.0,-1.9499999999999993,41,1908.0
7020.0,-2.039999999999999,41,2113.0
7025.0,-2.0500000000000007,43,2324.0
7030.0,-2.1099999999999994,44,2541.0
7035.0,-2.1700000000000017,41,2522.0
7040.0,1.379999999999999,35,2509.0
7045.0,-2.3699999999999974,31,2671.0
7050.0,-2.3699999999999974,22,2514.0
7055.0,1.9699999999999989,10,2244.0
7060.0,2.75,16,2199.0
7065.0,2.75,21,2279.0
7070.0,-1.1099999999999994,26,2259.0
7075.0,1.0199999999999996,27,2048.0
7080.0,2.129999999999999,31,1995.0
7085.0,2.129999999999999,25,1970.0
7090.0,-0.3000000000000007,20,1870.0
7095.0,2.6900000000000013,13,1754.0
7100.0,2.6900000000000013,11,1747.0
7105.0,-0.21999999999999886,18,1818.0
7110.0,-0.7100000000000009,28,1937.0
7115.0,-1.1900000000000013,28,2022.0
7120.0,-0.8499999999999979,34,1882.0
7125.0,2.41,30,1811.0
7130.0,3.0299999999999994,22,1500.0
7135.0,3.0299999999999994,15,1556.0
7140.0,-0.9300000000000015,13,1573.0
7145.0,0.02000000000000135,21,1609.0
7150.0,0.02000000000000135,28,1561.0
7155.0,0.08000000000000007,32,1697.0
7160.0,-2.039999999999999,34,1615.0
7165.0,2.719999999999999,26,1519.0
7170.0,2.719999999999999,18,1546.0
7175.0,-0.7100000000000009,13,1395.0
7180.0,3.4299999999999997,10,1240.0
7185.0,3.4299999999999997,9,1235.0
7190.0,-0.1399999999999988,13,1089.0
7195.0,3.01,8,948.0
7200.0,-0.46000000000000085,11,991.0
7205.0,-0.6399999999999988,17,1061.0
7210.0,-0.6399999999999988,14,826.0
7215.0,2.039999999999999,16,895.0
7220.0,-1.1399999999999988,23,1001.0
7225.0,-1.1399999999999988,16,920.0
7230.0,0.33999999999999986,25,1027.0
7235.0,-1.6600000000000001,32,1154.0
7240.0,-1.790000000000001,36,1301.0
7245.0,-1.790000000000001,28,1094.0
7250.0,1.450000000000001,20,1185.0
7255.0,-1.2800000000000011,22,1293.0
7260.0,-1.2800000000000011,18,1367.0
7265.0,-1.1899999999999995,23,1467.0
7270.0,-1.5,27,1401.0
7275.0,1.9499999999999993,23,1345.0
7280.0,1.9499999999999993,19,1442.0
7285.0,-1.3899999999999988,17,1533.0
7290.0,-0.9199999999999999,23,1641.0
7295.0,-1.1199999999999992,27,1568.0
7300.0,1.9999999999999982,24,1514.0
7305.0,1.9999999999999982,25,1626.0
7310.0,-1.6100000000000012,21,1572.0
7315.0,1.8300000000000018,8,1276.0
7320.0,1.8900000000000006,12,1266.0
7325.0,1.8900000000000006,22,1340.0
7330.0,-1.08,24,1291.0
7335.0,1.459999999999999,22,1261.0
7340.0,1.459999999999999,22,1365.0
7345.0,-1.4900000000000002,17,1318.0
7350.0,1.5700000000000003,10,1236.0
7355.0,-0.7099999999999991,13,1292.0
7360.0,-0.870000000000001,25,1391.0
7365.0,-1.3900000000000006,33,1538.0
7370.0,-1.7300000000000004,38,1716.0
7375.0,-2.0700000000000003,46,1931.0
7380.0,-2.299999999999997,46,2161.0
7385.0,-2.370000000000001,48,2400.0
7390.0,-2.370000000000001,42,2227.0
7395.0,0.8299999999999983,40,2159.0
7400.0,0.7000000000000028,42,2224.0
7405.0,-0.6700000000000017,38,2190.0
7410.0,1.9600000000000009,31,2134.0
7415.0,1.9600000000000009,23,2221.0
7420.0,-1.5100000000000016,22,2328.0
7425.0,-1.0700000000000003,20,2426.0
7430.0,-0.9800000000000004,30,2550.0
7435.0,-1.2399999999999984,40,2728.0
7440.0,-1.7800000000000011,39,2893.0
7445.0,-2.3299999999999983,41,3081.0
7450.0,-2.8800000000000026,42,3291.0
7455.0,-2.1400000000000006,43,3506.0
7460.0,-2.1400000000000006,42,3701.0
7465.0,-2.799999999999997,42,3911.0
7470.0,-2.1000000000000014,40,3787.0
7475.0,3.8400000000000034,30,3332.0
7480.0,4.339999999999996,23,3050.0
7485.0,4.339999999999996,15,3101.0
7490.0,0.33999999999999986,13,3168.0
7495.0,-0.6699999999999982,21,3259.0
7500.0,-0.9100000000000037,27,3382.0
7505.0,-1.2299999999999969,38,3547.0
7510.0,-1.6499999999999986,35,3441.0
7515.0,1.9499999999999957,35,3457.0
7520.0,-2.6099999999999994,39,3652.0
7525.0,-2.6099999999999994,32,3329.0
7530.0,4.130000000000003,25,2703.0
7535.0,4.73,19,2245.0
7540.0,7.32,12,1984.0
7545.0,0.5199999999999996,12,1966.0
7550.0,0.5199999999999996,14,1487.0
7555.0,4.5600000000000005,8,1492.0
7560.0,0.049999999999998934,14,1490.0
7565.0,-0.4900000000000002,22,1553.0
7570.0,-0.4900000000000002,24,1638.0
7575.0,-1.2599999999999998,29,1764.0
7580.0,-1.9800000000000004,32,1918.0
7585.0,-1.9800000000000004,30,2057.0
7590.0,-2.0199999999999996,32,2212.0
7595.0,-2.1900000000000013,30,2024.0
7600.0,4.670000000000002,24,1833.0
7605.0,4.76,16,1349.0
7610.0,4.76,14,1398.0
7615.0,-0.7799999999999994,18,1475.0
7620.0,-0.8399999999999999,24,1583.0
7625.0,-1.120000000000001,29,1719.0
7630.0,-1.4199999999999982,31,1602.0
7635.0,2.8299999999999983,23,1514.0
7640.0,2.8299999999999983,19,1611.0
7645.0,-1.4499999999999993,22,1712.0
7650.0,-1.0100000000000016,32,1855.0
7655.0,-1.4299999999999997,34,1740.0
7660.0,2.039999999999999,38,1761.0
7665.0,-2.6799999999999997,40,1959.0
7670.0,-2.6799999999999997,35,1702.0
7675.0,1.8300000000000018,26,1487.0
7680.0,3.049999999999999,21,1215.0
7685.0,2.67,15,1152.0
7690.0,-0.3099999999999987,20,1234.0
7695.0,-0.3099999999999987,17,1101.0
7700.0,0.9399999999999995,18,1093.0
7705.0,-0.3000000000000007,21,1001.0
7710.0,2.370000000000001,19,913.0
7715.0,2.370000000000001,18,784.0
7720.0,0.9199999999999999,16,825.0
7725.0,-0.45000000000000107,22,889.0
7730.0,-0.45000000000000107,20,704.0
7735.0,1.4300000000000006,25,801.0
7740.0,-1.4799999999999995,31,944.0
7745.0,-1.540000000000001,31,996.0
7750.0,0.02000000000000135,25,1029.0
7755.0,0.02000000000000135,32,1168.0
7760.0,-1.9700000000000006,31,1163.0
7765.0,1.0899999999999999,23,1139.0
7770.0,1.0899999999999999,13,1094.0
7775.0,-0.019999999999999574,11,1005.0
7780.0,2.049999999999999,12,902.0
7785.0,-0.47999999999999865,15,952.0
7790.0,-0.8300000000000001,23,1043.0
7795.0,-1.3900000000000006,33,1192.0
7800.0,-1.3900000000000006,29,1213.0
7805.0,-0.8300000000000001,34,1364.0
7810.0,-2.26,35,1538.0
7815.0,-2.26,34,1641.0
7820.0,-1.7300000000000004,33,1801.0
7825.0,-2.2600000000000016,32,1753.0
7830.0,1.870000000000001,28,1530.0
7835.0,2.3200000000000003,21,1390.0
7840.0,2.3200000000000003,14,1188.0
7845.0,2.9299999999999997,13,1187.0
7850.0,-0.6899999999999995,20,1261.0
7855.0,-0.6899999999999995,18,994.0
7860.0,2.3000000000000007,14,1059.0
7865.0,-0.9500000000000011,19,976.0
7870.0,2.0,13,902.0
7875.0,2.0,7,816.0
7880.0,1.0700000000000003,13,820.0
7885.0,-0.9199999999999999,21,916.0
7890.0,-0.9199999999999999,24,957.0
7895.0,-0.8300000000000001,22,914.0
7900.0,1.58,17,851.0
7905.0,-1.1799999999999997,16,933.0
7910.0,-1.1799999999999997,15,979.0
7915.0,-0.7200000000000006,19,906.0
7920.0,1.7800000000000011,17,844.0
7925.0,1.7800000000000011,13,893.0
7930.0,-0.8200000000000003,12,954.0
7935.0,-0.6099999999999994,25,1048.0
7940.0,-0.9400000000000013,27,1013.0
7945.0,1.3200000000000003,18,957.0
7950.0,-0.9100000000000001,18,1025.0
7955.0,-0.9100000000000001,16,1091.0
7960.0,-1.0099999999999998,23,1190.0
7965.0,-1.0700000000000003,26,1162.0
7970.0,1.2599999999999998,22,1008.0
7975.0,1.2100000000000009,18,1006.0
7980.0,1.2100000000000009,13,1061.0
7985.0,-0.9299999999999997,12,1013.0
7990.0,1.33,9,811.0
7995.0,1.839999999999999,7,686.0
8000.0,0.7600000000000007,11,679.0
8005.0,0.7600000000000007,12,388.0
8010.0,3.3299999999999996,21,392.0
8015.0,-1.2200000000000002,26,509.0
8020.0,-1.2200000000000002,24,591.0
8025.0,-1.3399999999999999,26,717.0
8030.0,-1.2599999999999998,27,849.0
8035.0,-1.3200000000000003,30,995.0
8040.0,-1.459999999999999,30,1145.0
8045.0,-1.5,34,1312.0
8050.0,-1.67,34,1482.0
8055.0,-1.700000000000001,38,1666.0
8060.0,-1.8399999999999999,33,1663.0
8065.0,1.1899999999999995,24,1535.0
8070.0,0.13000000000000078,13,1547.0
8075.0,0.129999999999999,15,1526.0
8080.0,-0.7699999999999996,25,1623.0
8085.0,-1.4199999999999982,32,1772.0
8090.0,-1.7300000000000004,38,1951.0
8095.0,-1.9600000000000009,40,2149.0
8100.0,-2.0,41,2350.0
8105.0,-2.080000000000002,42,2559.0
8110.0,-2.1099999999999994,43,2771.0
8115.0,-2.1099999999999994,42,2851.0
8120.0,-1.6499999999999986,39,2788.0
8125.0,2.4400000000000013,33,2717.0
8130.0,2.4400000000000013,28,2835.0
8135.0,-1.860000000000003,26,2968.0
8140.0,-1.3299999999999983,25,3086.0
8145.0,-1.1799999999999997,33,3235.0
8150.0,-1.490000000000002,42,3421.0
8155.0,-1.8599999999999994,44,3583.0
8160.0,-1.8100000000000023,42,3717.0
8165.0,-1.9699999999999989,44,3618.0
8170.0,3.230000000000004,34,3510.0
8175.0,3.230000000000004,30,3662.0
8180.0,-2.1700000000000017,28,3807.0
8185.0,-1.4100000000000037,27,3942.0
8190.0,-1.3599999999999994,32,4041.0
8195.0,-1.3599999999999994,36,4176.0
8200.0,-1.3599999999999994,45,4386.0
8205.0,-2.799999999999997,48,4623.0
8210.0,-2.3699999999999974,49,4864.0
8215.0,-2.4100000000000037,44,5061.0
8220.0,-2.549999999999997,44,5242.0
8225.0,-2.1200000000000045,49,5475.0
8230.0,-2.4399999999999977,50,5725.0
8235.0,-2.5,50,5975.0
8240.0,-2.5,50,6225.0
8245.0,-2.5,50,6475.0
8250.0,-2.5,50,6725.0
8255.0,-2.5,50,6975.0
8260.0,-2.510000000000005,51,7159.0
8265.0,-2.0,46,7322.0
8270.0,-2.0,42,6648.0
8275.0,5.859999999999999,42,6841.0
8280.0,-2.6799999999999926,44,7046.0
8285.0,-2.6799999999999926,36,6231.0
8290.0,7.269999999999996,26,5414.0
8295.0,8.170000000000002,24,4206.0
8300.0,12.079999999999998,14,4251.0
8305.0,-0.39000000000000057,16,4278.0
8310.0,-0.7099999999999937,22,4382.0
8315.0,-1.1400000000000006,29,4515.0
8320.0,-1.470000000000006,34,4235.0
8325.0,6.470000000000006,24,3954.0
8330.0,6.470000000000006,17,3950.0
8335.0,-0.07000000000000028,17,3994.0
8340.0,-1.230000000000004,27,4113.0
8345.0,-1.3900000000000006,33,4263.0
8350.0,-1.7100000000000009,38,4445.0
8355.0,-1.8900000000000006,38,4635.0
8360.0,-1.8999999999999986,40,4827.0
8365.0,-1.8999999999999986,37,4911.0
8370.0,-1.6199999999999974,40,4683.0
8375.0,4.299999999999997,36,4580.0
8380.0,-2.3999999999999986,42,4763.0
8385.0,-2.3999999999999986,34,4179.0
8390.0,7.590000000000003,23,3891.0
8395.0,0.37999999999999545,23,3969.0
8400.0,0.37999999999999545,15,3955.0
8405.0,-0.30999999999999517,21,4046.0
8410.0,-1.3700000000000045,26,3651.0
8415.0,8.440000000000005,26,3274.0
8420.0,8.440000000000005,20,3331.0
8425.0,-0.8900000000000006,15,2906.0
8430.0,8.699999999999996,7,2482.0
8435.0,8.699999999999996,5,2466.0
8440.0,0.010000000000001563,16,2522.0
8445.0,-0.5599999999999987,18,2160.0
8450.0,7.640000000000001,15,1805.0
8455.0,-1.1300000000000026,20,1891.0
8460.0,-1.1300000000000026,12,1197.0
8465.0,6.610000000000001,11,1250.0
8470.0,-0.7300000000000004,14,1311.0
8475.0,-0.7300000000000004,14,1022.0
8480.0,2.6099999999999994,12,1077.0
8485.0,-0.8199999999999985,17,985.0
8490.0,2.0799999999999983,15,911.0
8495.0,2.0799999999999983,14,966.0
8500.0,-0.8499999999999996,17,910.0
8505.0,1.4400000000000013,15,867.0
8510.0,1.4400000000000013,12,648.0
8515.0,1.8899999999999988,17,708.0
8520.0,-0.9699999999999998,26,700.0
8525.0,0.3799999999999999,26,733.0
8530.0,0.3799999999999999,17,655.0
8535.0,0.35000000000000053,15,706.0
8540.0,-0.9100000000000001,24,810.0
8545.0,-0.9100000000000001,22,735.0
8550.0,0.28000000000000025,20,795.0
8555.0,-0.5,17,817.0
8560.0,-1.0899999999999999,23,917.0
8565.0,-1.0899999999999999,22,855.0
8570.0,0.16999999999999993,17,921.0
8575.0,-0.6600000000000001,16,977.0
8580.0,-0.6600000000000001,18,1051.0
8585.0,-1.08,28,1172.0
8590.0,-1.2100000000000009,37,1342.0
8595.0,-1.6999999999999993,33,1211.0
8600.0,2.3200000000000003,32,1175.0
8605.0,-1.5899999999999999,33,1302.0
8610.0,-1.5899999999999999,28,1175.0
8615.0,0.6799999999999997,18,1035.0
8620.0,1.4800000000000004,12,1024.0
8625.0,-0.0600000000000005,13,1083.0
8630.0,-0.0600000000000005,8,879.0
8635.0,1.8000000000000007,10,921.0
8640.0,-0.6700000000000017,13,855.0
8645.0,1.6500000000000012,12,793.0
8650.0,1.6500000000000012,10,835.0
8655.0,-0.6500000000000012,15,780.0
8660.0,1.290000000000001,13,744.0
8665.0,1.290000000000001,9,622.0
8670.0,0.9500000000000002,18,693.0
8675.0,-1.13,24,686.0
8680.0,0.6299999999999999,22,694.0
8685.0,0.6299999999999999,16,773.0
8690.0,-1.1600000000000001,17,741.0
8695.0,0.9299999999999997,16,727.0
8700.0,0.9299999999999997,10,646.0
8705.0,0.4900000000000002,19,705.0
8710.0,-1.0300000000000002,24,718.0
8715.0,0.20999999999999996,20,748.0
8720.0,0.20999999999999996,15,824.0
8725.0,-1.1000000000000005,21,908.0
8730.0,-0.9399999999999995,30,1047.0
8735.0,-1.4699999999999989,32,1137.0
8740.0,-0.7300000000000004,31,1212.0
8745.0,-0.7300000000000004,35,1372.0
8750.0,-2.200000000000001,31,1418.0
8755.0,-0.009999999999999787,23,1440.0
8760.0,-1.5099999999999998,20,1544.0
8765.0,-1.1100000000000012,26,1661.0
8770.0,-1.1100000000000012,25,1552.0
8775.0,0.5900000000000016,22,1667.0
8780.0,-1.6100000000000012,22,1781.0
8785.0,-1.6100000000000012,17,1635.0
8790.0,1.0199999999999996,17,1715.0
8795.0,-1.1499999999999986,23,1812.0
8800.0,-1.1700000000000017,35,1966.0
8805.0,-1.7199999999999989,41,2156.0
8810.0,-2.009999999999998,45,2374.0
8815.0,-2.240000000000002,47,2605.0
8820.0,-2.349999999999998,47,2840.0
8825.0,-2.3500000000000014,49,3081.0
8830.0,-2.4499999999999993,49,3326.0
8835.0,-2.469999999999999,52,3377.0
8840.0,0.5499999999999972,44,3415.0
8845.0,0.5499999999999972,39,2926.0
8850.0,5.93,45,2939.0
8855.0,-3.039999999999999,51,3184.0
8860.0,-3.039999999999999,43,2950.0
8865.0,1.3200000000000003,32,2943.0
8870.0,1.370000000000001,25,2661.0
8875.0,2.7699999999999996,20,2556.0
8880.0,2.7699999999999996,23,2624.0
8885.0,-1.120000000000001,27,2751.0
8890.0,-1.3299999999999983,34,2911.0
8895.0,-1.6500000000000021,37,2857.0
8900.0,2.039999999999999,35,2812.0
8905.0,2.039999999999999,27,2597.0
8910.0,1.4500000000000028,21,2700.0
8915.0,-1.4800000000000004,30,2831.0
8920.0,-1.5600000000000023,41,3019.0
8925.0,-2.0599999999999987,48,3247.0
8930.0,-2.4099999999999966,52,3504.0
8935.0,-2.6000000000000014,54,3766.0
8940.0,-2.6600000000000037,57,4040.0
8945.0,-2.8399999999999963,60,4162.0
8950.0,-0.5100000000000051,50,4135.0
8955.0,0.4300000000000068,46,4175.0
8960.0,0.4300000000000068,47,4407.0
8965.0,-2.9000000000000057,52,4661.0
8970.0,-2.5700000000000003,48,4828.0
8975.0,-2.1299999999999955,46,5018.0
8980.0,-2.1299999999999955,41,4397.0
8985.0,5.289999999999999,44,4257.0
8990.0,3.979999999999997,36,3788.0
8995.0,6.1200000000000045,28,3024.0
9000.0,6.069999999999997,20,2446.0
9005.0,5.48,14,2103.0
9010.0,1.1700000000000017,14,2129.0
9015.0,-0.75,24,2214.0
9020.0,-0.75,23,2184.0
9025.0,0.21999999999999886,27,2270.0
9030.0,-1.9400000000000013,33,2427.0
9035.0,-1.9400000000000013,28,2462.0
9040.0,-1.0,30,2606.0
9045.0,-2.0700000000000003,32,2765.0
9050.0,-1.5999999999999979,35,2928.0
9055.0,-1.740000000000002,38,3117.0
9060.0,-1.8999999999999986,38,2983.0
9065.0,3.8099999999999987,30,2842.0
9070.0,3.8099999999999987,26,2964.0
9075.0,-1.7699999999999996,23,3083.0
9080.0,-1.1699999999999982,28,3212.0
9085.0,-1.379999999999999,39,3382.0
9090.0,-1.7899999999999991,46,3601.0
9095.0,-2.260000000000005,44,3702.0
9100.0,-0.8500000000000014,41,3815.0
9105.0,-0.8500000000000014,45,4025.0
9110.0,-2.9099999999999966,41,4143.0
9115.0,-1.6599999999999966,43,4291.0
9120.0,-1.8600000000000065,45,4510.0
9125.0,-2.239999999999995,45,4727.0
9130.0,-3.0600000000000023,47,4954.0
9135.0,-3.0600000000000023,47,5180.0
9140.0,-3.210000000000001,46,5409.0
9145.0,-3.1899999999999977,46,5639.0
9150.0,-2.3000000000000043,46,5869.0
9155.0,-2.299999999999997,46,6099.0
9160.0,-2.3399999999999963,51,6342.0
9165.0,-2.3399999999999963,42,5568.0
9170.0,6.729999999999997,42,5759.0
9175.0,-2.6300000000000026,44,5467.0
9180.0,6.8700000000000045,34,5178.0
9185.0,6.8700000000000045,26,5292.0
9190.0,-1.740000000000002,24,5418.0
9195.0,-1.240000000000002,25,5535.0
9200.0,-1.1899999999999977,33,5685.0
9205.0,-1.5900000000000034,37,5358.0
9210.0,7.490000000000002,31,5035.0
9215.0,7.490000000000002,30,5181.0
9220.0,-2.1000000000000014,19,4800.0
9225.0,8.310000000000002,12,4390.0
9230.0,-0.990000000000002,20,4469.0
9235.0,-1.1799999999999997,28,4595.0
9240.0,-1.4899999999999949,34,4750.0
9245.0,-1.8300000000000054,41,4940.0
9250.0,-2.210000000000001,48,5168.0
9255.0,-2.210000000000001,44,4688.0
9260.0,5.850000000000001,35,4680.0
9265.0,-2.479999999999997,37,4854.0
9270.0,-1.8100000000000023,35,5035.0
9275.0,-1.8299999999999983,39,5225.0
9280.0,-2.020000000000003,48,5444.0
9285.0,-2.4099999999999966,53,5695.0
9290.0,-2.719999999999999,56,5974.0
9295.0,-2.8200000000000003,58,6260.0
9300.0,-2.9000000000000057,60,6552.0
9305.0,-3.0900000000000034,64,6871.0
9310.0,-3.1999999999999886,64,7191.0
9315.0,-3.200000000000003,64,7511.0
9320.0,-3.200000000000003,54,7318.0
9325.0,0.6499999999999915,49,7212.0
9330.0,1.0600000000000023,51,7458.0
9335.0,-3.509999999999991,54,7601.0
9340.0,-1.2600000000000051,50,7739.0
9345.0,-1.2600000000000051,53,7982.0
9350.0,-3.4599999999999937,52,8185.0
9355.0,-2.3599999999999994,49,8369.0
9360.0,-2.3599999999999994,52,8616.0
9365.0,-3.450000000000003,48,8842.0
9370.0,-3.0200000000000102,46,8361.0
9375.0,9.420000000000002,40,8016.0
9380.0,9.420000000000002,39,7312.0
9385.0,9.16000000000001,34,6106.0
9390.0,9.219999999999992,24,5707.0
9395.0,3.6600000000000037,21,5814.0
9400.0,-1.0399999999999991,23,5920.0
9405.0,-1.2100000000000009,29,6054.0
9410.0,-1.5300000000000011,39,6224.0
9415.0,-1.990000000000002,45,6439.0
9420.0,-1.990000000000002,38,5551.0
9425.0,7.980000000000004,33,5719.0
9430.0,-2.3200000000000003,29,5344.0
9435.0,8.559999999999995,21,4948.0
9440.0,8.559999999999995,19,5036.0
9445.0,-1.2999999999999972,30,5160.0
9450.0,-1.3599999999999994,34,4823.0
9455.0,7.579999999999998,32,4500.0
9460.0,7.579999999999998,25,4318.0
9465.0,1.1700000000000017,23,4428.0
9470.0,-1.6499999999999986,35,4582.0
9475.0,-1.740000000000002,43,4780.0
9480.0,-2.1099999999999994,49,5012.0
9485.0,-2.479999999999997,52,5135.0
9490.0,-0.720000000000006,43,5231.0
9495.0,-0.720000000000006,47,5461.0
9500.0,-3.219999999999999,54,5720.0
9505.0,-2.6400000000000006,54,5990.0
9510.0,-2.6999999999999957,52,5580.0
9515.0,8.669999999999995,46,5269.0
9520.0,8.669999999999995,45,5268.0
9525.0,-0.9099999999999966,45,5016.0
9530.0,6.189999999999998,42,4328.0
9535.0,6.789999999999999,32,3622.0
9540.0,2.510000000000005,25,3744.0
9545.0,-1.2700000000000031,26,3872.0
9550.0,-1.4499999999999957,33,4024.0
9555.0,-1.8200000000000003,43,4216.0
9560.0,-1.8200000000000003,42,4246.0
9565.0,-0.5400000000000063,42,4390.0
9570.0,-2.9599999999999937,47,4617.0
9575.0,-2.4200000000000017,50,4865.0
9580.0,-2.5,50,5115.0
9585.0,-2.5,44,5140.0
9590.0,-1.25,51,5370.0
9595.0,-3.3500000000000014,56,5641.0
9600.0,-2.780000000000001,54,5852.0
9605.0,-2.3299999999999983,49,6035.0
9610.0,-2.3299999999999983,51,6281.0
9615.0,-3.469999999999999,52,6541.0
9620.0,-2.6000000000000085,52,6801.0
9625.0,-2.5999999999999943,52,7061.0
9630.0,-2.6200000000000045,56,7337.0
9635.0,-2.780000000000001,52,7010.0
9640.0,8.220000000000013,44,6090.0
9645.0,7.1499999999999915,36,5757.0
9650.0,7.1499999999999915,28,5892.0
9655.0,-0.35999999999999943,21,5666.0
9660.0,5.130000000000003,17,4747.0
9665.0,10.990000000000002,20,4300.0
9670.0,10.990000000000002,22,3911.0
9675.0,5.140000000000001,24,3839.0
9680.0,-1.4600000000000009,29,3969.0
9685.0,-1.490000000000002,36,4130.0
9690.0,-1.8299999999999983,41,4325.0
9695.0,-1.8299999999999983,38,4154.0
9700.0,0.8999999999999986,40,4344.0
9705.0,-2.710000000000001,45,4556.0
9710.0,-2.270000000000003,51,4804.0
9715.0,-2.539999999999999,50,4656.0
9720.0,4.539999999999999,41,4493.0
9725.0,7.1100000000000065,34,3775.0
9730.0,7.1100000000000065,28,3917.0
9735.0,-2.0600000000000023,35,4078.0
9740.0,-1.6899999999999977,37,3920.0
9745.0,3.6199999999999974,35,3824.0
9750.0,3.6199999999999974,27,3524.0
9755.0,2.299999999999997,24,3623.0
9760.0,-1.509999999999998,34,3769.0
9765.0,-1.7100000000000009,44,3671.0
9770.0,2.8599999999999994,44,3604.0
9775.0,2.8599999999999994,37,3798.0
9780.0,-2.75,35,3775.0
9785.0,1.6799999999999997,30,3728.0
9790.0,1.6799999999999997,30,3321.0
9795.0,3.460000000000001,35,3215.0
9800.0,1.0600000000000023,30,3025.0
9805.0,1.8999999999999986,33,3030.0
9810.0,-0.05000000000000071,34,3077.0
9815.0,-0.46999999999999886,34,3192.0
9820.0,-1.1500000000000021,36,3361.0
9825.0,-1.6899999999999977,30,3449.0
9830.0,-0.8800000000000026,29,3533.0
9835.0,-2.049999999999997,34,3688.0
9840.0,-1.7199999999999989,38,3864.0
9845.0,-1.9699999999999989,40,4063.0
9850.0,-1.9699999999999989,33,4125.0
9855.0,-1.3500000000000014,33,4285.0
9860.0,-2.3299999999999983,38,4467.0
9865.0,-1.9000000000000057,39,4658.0
9870.0,-1.9699999999999989,40,4858.0
9875.0,-2.009999999999998,45,5065.0
9880.0,-2.289999999999999,48,5304.0
9885.0,-2.289999999999999,38,5367.0
9890.0,-1.5900000000000034,42,5565.0
9895.0,-2.8599999999999994,46,5790.0
9900.0,-2.289999999999999,48,6022.0
9905.0,-2.3599999999999994,48,6262.0
9910.0,-2.4100000000000037,53,6512.0
9915.0,-2.5900000000000034,54,6780.0
9920.0,-2.6999999999999886,52,6936.0
9925.0,-1.4100000000000108,44,7073.0
9930.0,-1.4100000000000108,47,7293.0
9935.0,-3.1099999999999994,52,7540.0
9940.0,-2.519999999999996,54,7807.0
9945.0,-2.6899999999999977,54,7969.0
9950.0,-1.7099999999999937,48,8130.0
9955.0,-1.7099999999999937,52,8382.0
9960.0,-3.5,58,8666.0
9965.0,-2.8400000000000034,54,8854.0
9970.0,-2.1400000000000006,49,8975.0
9975.0,-1.4099999999999966,48,8646.0
9980.0,6.989999999999995,46,8136.0
9985.0,6.969999999999999,39,7261.0
9990.0,9.769999999999996,32,6680.0
9995.0,9.769999999999996,27,6765.0
10000.0,-1.2999999999999972,30,6528.0
